simulation_time_s,archive_control_time_s,gap_occupancy,vsl_active,rm_active,vsl_lanes,vsl_limit_m_s,signal_program,transitions
0.5,0.0,0.0,0,0,E_weaving_0,25.0,0,
30.5,30.0,0.0764021,0,0,E_weaving_0,25.0,0,
60.5,60.0,0.13377365,0,0,E_weaving_0,25.0,0,
90.5,90.0,0.12432833,0,0,E_weaving_0,25.0,0,
120.5,120.0,0.11782156,0,0,E_weaving_0,25.0,0,
150.5,150.0,0.1635089,1,0,E_weaving_0,12.0,0,vsl_on
180.5,180.0,0.15763181,1,0,E_weaving_0,12.0,0,
210.5,210.0,0.21661256,1,0,E_weaving_0,12.0,0,
240.5,240.0,0.25418392,1,0,E_weaving_0,12.0,0,
270.5,270.0,0.22948617,1,0,E_weaving_0,12.0,0,
300.5,300.0,0.23844173,1,0,E_weaving_0,12.0,0,
330.5,330.0,0.1909353,1,0,E_weaving_0,12.0,0,
360.5,360.0,0.19674242,1,0,E_weaving_0,12.0,0,
390.5,390.0,0.16994571,1,0,E_weaving_0,12.0,0,
420.5,420.0,0.22123027,1,0,E_weaving_0,12.0,0,
450.5,450.0,0.20038061,1,0,E_weaving_0,12.0,0,
480.5,480.0,0.1751931,1,0,E_weaving_0,12.0,0,
510.5,510.0,0.17743199,1,0,E_weaving_0,12.0,0,
540.5,540.0,0.21325423,1,0,E_weaving_0,12.0,0,
570.5,570.0,0.17295421,1,0,E_weaving_0,12.0,0,
600.5,600.0,0.17295421,1,0,E_weaving_0,12.0,0,
630.5,630.0,0.16567782,1,0,E_weaving_0,12.0,0,
660.5,660.0,0.17771185,1,0,E_weaving_0,12.0,0,
690.5,690.0,0.15735195,1,0,E_weaving_0,12.0,0,
720.5,720.0,0.15567279,1,0,E_weaving_0,12.0,0,
750.5,750.0,0.19828165,1,0,E_weaving_0,12.0,0,
780.5,780.0,0.2570525,1,0,E_weaving_0,12.0,0,
810.5,810.0,0.19401377,1,0,E_weaving_0,12.0,0,
840.5,840.0,0.22025076,1,0,E_weaving_0,12.0,0,
870.5,870.0,0.2282268,1,0,E_weaving_0,12.0,0,
900.5,900.0,0.22144017,1,0,E_weaving_0,12.0,0,
930.5,930.0,0.25761222,1,0,E_weaving_0,12.0,0,
960.5,960.0,0.20352905,1,0,E_weaving_0,12.0,0,
990.5,990.0,0.25530337,1,0,E_weaving_0,12.0,0,
1020.5,1020.0,0.25558323,1,0,E_weaving_0,12.0,0,
1050.5,1050.0,0.19198478,1,0,E_weaving_0,12.0,0,
1080.5,1080.0,0.20436863,1,0,E_weaving_0,12.0,0,
1110.5,1110.0,0.22892645,1,0,E_weaving_0,12.0,0,
1140.5,1140.0,0.27104556,1,0,E_weaving_0,12.0,0,
1170.5,1170.0,0.2348735,1,0,E_weaving_0,12.0,0,
1200.5,1200.0,0.18135005,1,0,E_weaving_0,12.0,0,
1230.5,1230.0,0.22192992,1,0,E_weaving_0,12.0,0,
1260.5,1260.0,0.20268947,1,0,E_weaving_0,12.0,0,
1290.5,1290.0,0.19366394,1,0,E_weaving_0,12.0,0,
1320.5,1320.0,0.22248965,1,0,E_weaving_0,12.0,0,
1350.5,1350.0,0.23879156,1,0,E_weaving_0,12.0,0,
1380.5,1380.0,0.25677264,1,0,E_weaving_0,12.0,0,
1410.5,1410.0,0.2229794,1,0,E_weaving_0,12.0,0,
1440.5,1440.0,0.23592298,1,0,E_weaving_0,12.0,0,
1470.5,1470.0,0.15952088,1,0,E_weaving_0,12.0,0,
1500.5,1500.0,0.0850778,0,0,E_weaving_0,25.0,0,vsl_off
1530.5,1530.0,0.11726184,0,0,E_weaving_0,25.0,0,
1560.5,1560.0,0.18526811,1,0,E_weaving_0,12.0,0,vsl_on
1590.5,1590.0,0.18862644,1,0,E_weaving_0,12.0,0,
1620.5,1620.0,0.20373895,1,0,E_weaving_0,12.0,0,
1650.5,1650.0,0.22451864,1,0,E_weaving_0,12.0,0,
1680.5,1680.0,0.20569797,1,0,E_weaving_0,12.0,0,
1710.5,1710.0,0.1514049,1,0,E_weaving_0,12.0,0,
1740.5,1740.0,0.19534311,1,0,E_weaving_0,12.0,0,
1770.5,1770.0,0.20150006,1,0,E_weaving_0,12.0,0,
1800.5,1800.0,0.16903616,1,0,E_weaving_0,12.0,0,
1830.5,1830.0,0.17267435,1,0,E_weaving_0,12.0,0,
1860.5,1860.0,0.22444867,1,0,E_weaving_0,12.0,0,
1890.5,1890.0,0.2556532,1,0,E_weaving_0,12.0,0,
1920.5,1920.0,0.21017575,1,0,E_weaving_0,12.0,0,
1950.5,1950.0,0.24746726,1,0,E_weaving_0,12.0,0,
1980.5,1980.0,0.17470335,1,0,E_weaving_0,12.0,0,
2010.5,2010.0,0.21822176,1,0,E_weaving_0,12.0,0,
2040.5,2040.0,0.3217704,1,0,E_weaving_0,12.0,0,
2070.5,2070.0,0.25257472,1,0,E_weaving_0,12.0,0,
2100.5,2100.0,0.19821169,1,0,E_weaving_0,12.0,0,
2130.5,2130.0,0.23011586,1,0,E_weaving_0,12.0,0,
2160.5,2160.0,0.24522837,1,0,E_weaving_0,12.0,0,
2190.5,2190.0,0.17022557,1,0,E_weaving_0,12.0,0,
2220.5,2220.0,0.2350834,1,0,E_weaving_0,12.0,0,
2250.5,2250.0,0.1701556,1,0,E_weaving_0,12.0,0,
2280.5,2280.0,0.21801187,1,0,E_weaving_0,12.0,0,
2310.5,2310.0,0.20828669,1,0,E_weaving_0,12.0,0,
2340.5,2340.0,0.16071029,1,0,E_weaving_0,12.0,0,
2370.5,2370.0,0.17463338,1,0,E_weaving_0,12.0,0,
2400.5,2400.0,0.23564312,1,0,E_weaving_0,12.0,0,
2430.5,2430.0,0.20066047,1,0,E_weaving_0,12.0,0,
2460.5,2460.0,0.21297436,1,0,E_weaving_0,12.0,0,
2490.5,2490.0,0.23095545,1,0,E_weaving_0,12.0,0,
2520.5,2520.0,0.20905631,1,0,E_weaving_0,12.0,0,
2550.5,2550.0,0.17869137,1,0,E_weaving_0,12.0,0,
2580.5,2580.0,0.13517295,1,0,E_weaving_0,12.0,0,
2610.5,2610.0,0.2060478,1,0,E_weaving_0,12.0,0,
2640.5,2640.0,0.17211463,1,0,E_weaving_0,12.0,0,
2670.5,2670.0,0.23032576,1,0,E_weaving_0,12.0,0,
2700.5,2700.0,0.17589276,1,0,E_weaving_0,12.0,0,
2730.5,2730.0,0.21507332,1,0,E_weaving_0,12.0,0,
2760.5,2760.0,0.2282268,1,0,E_weaving_0,12.0,0,
2790.5,2790.0,0.22290944,1,0,E_weaving_0,12.0,0,
2820.5,2820.0,0.23571309,1,0,E_weaving_0,12.0,0,
2850.5,2850.0,0.16910612,1,0,E_weaving_0,12.0,0,
2880.5,2880.0,0.1889063,1,0,E_weaving_0,12.0,0,
2910.5,2910.0,0.22283947,1,0,E_weaving_0,12.0,0,
2940.5,2940.0,0.17953095,1,0,E_weaving_0,12.0,0,
2970.5,2970.0,0.17911116,1,0,E_weaving_0,12.0,0,
3000.5,3000.0,0.18470838,1,0,E_weaving_0,12.0,0,
3030.5,3030.0,0.17267435,1,0,E_weaving_0,12.0,0,
3060.5,3060.0,0.18778686,1,0,E_weaving_0,12.0,0,
3090.5,3090.0,0.18190977,1,0,E_weaving_0,12.0,0,
3120.5,3120.0,0.16567782,1,0,E_weaving_0,12.0,0,
3150.5,3150.0,0.20744711,1,0,E_weaving_0,12.0,0,
3180.5,3180.0,0.18190977,1,0,E_weaving_0,12.0,0,
3210.5,3210.0,0.13916098,1,0,E_weaving_0,12.0,0,
3240.5,3240.0,0.13524292,1,0,E_weaving_0,12.0,0,
3270.5,3270.0,0.15126497,1,0,E_weaving_0,12.0,0,
3300.5,3300.0,0.15308407,1,0,E_weaving_0,12.0,0,
3330.5,3330.0,0.18337904,1,0,E_weaving_0,12.0,0,
3360.5,3360.0,0.15763181,1,0,E_weaving_0,12.0,0,
3390.5,3390.0,0.18023061,1,0,E_weaving_0,12.0,0,
3420.5,3420.0,0.2264077,1,0,E_weaving_0,12.0,0,
3450.5,3450.0,0.17729206,1,0,E_weaving_0,12.0,0,
3480.5,3480.0,0.19513321,1,0,E_weaving_0,12.0,0,
3510.5,3510.0,0.20996586,1,0,E_weaving_0,12.0,0,
3540.5,3540.0,0.20045058,1,0,E_weaving_0,12.0,0,
3570.5,3570.0,0.13727191,1,0,E_weaving_0,12.0,0,
3600.5,3600.0,0.07920072,0,0,E_weaving_0,25.0,0,vsl_off
3630.5,3630.0,0.13517295,0,0,E_weaving_0,25.0,0,
3660.5,3660.0,0.20660752,1,0,E_weaving_0,12.0,0,vsl_on
3690.5,3690.0,0.19926117,1,0,E_weaving_0,12.0,0,
3720.5,3720.0,0.16071029,1,0,E_weaving_0,12.0,0,
3750.5,3750.0,0.14049032,1,0,E_weaving_0,12.0,0,
3780.5,3780.0,0.08115974,0,0,E_weaving_0,25.0,0,vsl_off
3810.5,3810.0,0.09095489,0,0,E_weaving_0,25.0,0,
3840.5,3840.0,0.06940557,0,0,E_weaving_0,25.0,0,
3870.5,3870.0,0.06156946,0,0,E_weaving_0,25.0,0,
3900.5,3900.0,0.05177432,0,0,E_weaving_0,25.0,0,
3930.5,3930.0,0.04673682,0,0,E_weaving_0,25.0,0,
3960.5,3960.0,0.06296877,0,0,E_weaving_0,25.0,0,
3990.5,3990.0,0.04281876,0,0,E_weaving_0,25.0,0,
4020.5,4020.0,0.09095489,0,0,E_weaving_0,25.0,0,
4050.5,4050.0,0.06296877,0,0,E_weaving_0,25.0,0,
4080.5,4080.0,0.06800627,0,0,E_weaving_0,25.0,0,
4110.5,4110.0,0.0526139,0,0,E_weaving_0,25.0,0,
4140.5,4140.0,0.05961043,0,0,E_weaving_0,25.0,0,
4170.5,4170.0,0.04225904,0,0,E_weaving_0,25.0,0,
4200.5,4200.0,0.06380835,0,0,E_weaving_0,25.0,0,
4230.5,4230.0,0.03862084,0,0,E_weaving_0,25.0,0,
4260.5,4260.0,0.05597224,0,0,E_weaving_0,25.0,0,
4290.5,4290.0,0.07815124,0,0,E_weaving_0,25.0,0,
4320.5,4320.0,0.04925557,0,0,E_weaving_0,25.0,0,
4350.5,4350.0,0.06604724,0,0,E_weaving_0,25.0,0,
4380.5,4380.0,0.03582223,0,0,E_weaving_0,25.0,0,
